comentarios,avaliacoes_ponderadas,promotores_%,neutros_%,detratores_%,nps_tradicional,sentimento_positivo_%,sentimento_negativo_%,score_sentimento,nps_ajustado,divergencia_%,baixa_conf_sent_%,baixa_conf_cat_%
128341.0,128450.0,78.25379525107046,12.408719346049047,9.337485402880498,68.91630984818995,66.48812767613857,16.87193460490463,49.616193071233944,63.12627481510315,22.367754653618096,33.545788173693516,30.629339026499714
